qid;question;ocr_text;handwritten_text,,,,,,,,,,,,,,,,,,,,,,,,,,,,,,,,,,,,,,
100140002;Are the clouds visible?;[];['WAY', 'AHH HHHHHHHH TIKZ`` !', 'MOM', 'ANO', '`ONve'],,,,,,,,,,,,,,,,,,,,,,,,,,,,,,,,,,
10058001;A person with what kind of job would ride in this vehicle?;[];['DOD`', 'THIET`', 'I', 'EEEEEE', 'WWW`. STATIC. Org'],,,,,,,,,,,,,,,,,,,,,,,,,,,,,,,,,,
10125010;Was this picture taken in Texas?;[];['PICKBILICA', 'LARRY`TE', '11 12', 'Com`ban`'],,,,,,,,,,,,,,,,,,,,,,,,,,,,,,,,,,,
101503000;How many minutes left to play?;[];['LG`'],,,,,,,,,,,,,,,,,,,,,,,,,,,,,,,,,,,,,,
10243009;What brand doughnuts are these?;[];[],,,,,,,,,,,,,,,,,,,,,,,,,,,,,,,,,,,,,,
103335003;What number is on the shed?;['80'];['METHOW VALLEY*', '80'],,,,,,,,,,,,,,,,,,,,,,,,,,,,,,,,,,,,,
103356000;Where is the bus going?;[];[],,,,,,,,,,,,,,,,,,,,,,,,,,,,,,,,,,,,,,
105246004;Is the scenic route to the right?;[];['SCENIC', 'DRIVE'],,,,,,,,,,,,,,,,,,,,,,,,,,,,,,,,,,,,,
107119000;Which side is player 14 on?;['cas'];['RTO\\ALBERTO', 'PROMOTORA CADE`', 'NA', 'VETE . YA`', 'SIDREF', 'UPQ VALLINLA_ MAQUINARIA``'],,,,,,,,,,,,,,,,,,,,,,,,,,,,,,,,,
10784000;Is this a supermarket chain?;[];['9.9 *', 'BAG`', '` ads`', '\\MORLAN PEARLS', '`Suits', 'QUIMALIAN ZZA`', 'Can^'],,,,,,,,,,,,,,,,,,,,,,,,,,,,,,,,
107941009;What number is on the sign?;['winonestek'," 'new.'];[""70'_ WINCHESTER"""," ""IOT'S NEW MARKET""]",,,,,,,,,,,,,,,,,,,,,,,,,,,,,,,,,,,,
108500014;Is this picture likely taken in an English- or non-English-speaking country?;[];['THI E``'," ""# # $ '{ } ]""", '~ RED`', 'THE STAIR LIVE STILL\\', 'TREE', 'B` MAND SHENG CHEERTHAT LID.`', 'Bornfort', 'HOURFE`', 'EL. 26.952.20.0 )_ 28.942373_', 'FAX : 26.9 508.85'],,,,,,,,,,,,,,,,,,,,,,,,,,,,,
108500022;What is the company being advertise on the truck?;[];['THI E``'," ""# # $ '{ } ]""", '~ RED`', 'THE STAIR LIVE STILL\\', 'TREE', 'B` MAND SHENG CHEERTHAT LID.`', 'Bornfort', 'HOURFE`', 'EL. 26.952.20.0 )_ 28.942373_', 'FAX : 26.9 508.85'],,,,,,,,,,,,,,,,,,,,,,,,,,,,,
109506009;Does this street look safe?;[];['ELIG^ ^ ^``', 'STREET', 'CLEANING', 'ZAM - 7AM', 'DURING', 'SNOW', 'EMERGENCY', 'NO', '200 0', 'may'],,,,,,,,,,,,,,,,,,,,,,,,,,,,,
109783008;What time is it?;[];[],,,,,,,,,,,,,,,,,,,,,,,,,,,,,,,,,,,,,,
110962001;What is on the man's pizza?;[];[],,,,,,,,,,,,,,,,,,,,,,,,,,,,,,,,,,,,,,
111318001;What time is on the clock?;[];['\\9:8:0814'],,,,,,,,,,,,,,,,,,,,,,,,,,,,,,,,,,,,,,
111348016;What time is it?;[];[],,,,,,,,,,,,,,,,,,,,,,,,,,,,,,,,,,,,,,
112106002;What does the graffiti say?;[];['`core @ ajc. so'],,,,,,,,,,,,,,,,,,,,,,,,,,,,,,,,,,,,,,
112849003;What brand is this truck?;[];['StraBend ers!', '*\\4HGTV 3:30'],,,,,,,,,,,,,,,,,,,,,,,,,,,,,,,,,,,,,
113326000;What word is shown at the bottom of the cake?;[];['18 .', 'L.HAPPY'," 'BIRTHDAY ""'", 'BY'],,,,,,,,,,,,,,,,,,,,,,,,,,,,,,,,,,,
113338000;What time is it?;[];['24', '20'],,,,,,,,,,,,,,,,,,,,,,,,,,,,,,,,,,,,,
114101007;What kind of truck is this?;['sovereign'];['\\mon thy', 'IVINT - UIT DELIIN', '\\DID LESS 030', 'SOVEREIGN', 'NO`ADS', '- 15:01 17) .'],,,,,,,,,,,,,,,,,,,,,,,,,,,,,,,,,
114624002;Is this a normal sight in your city?;[];['On', 'SHINGA9\\', 'Enare', 'ZUG QUOT', 'rovote &', 'OHIOLAOUIHU!', 'MA ! OTMAP'],,,,,,,,,,,,,,,,,,,,,,,,,,,,,,,,
11528003;Is the background clear?;['10,'];['in `` `^ ^_', '` TI THE IT TIL RO TID TID TID TID IO TIO TOO TIDY'],,,,,,,,,,,,,,,,,,,,,,,,,,,,,,,,,,,,
116783015;What does the truck say?;[];[],,,,,,,,,,,,,,,,,,,,,,,,,,,,,,,,,,,,,,
11697006;What girl's name is on the purple sign at the top right?;['global', 'english', 'school'," ""nl'.thagurl""", 'baptist', 'churih', 'r,uÌ´munÌ_onqungs', '02-9683056-7,', '086-3379068', '‰Û¢coo-fenn', 'oiiidjo', 'opro.Ì_us'," '""'];['CLO`NEAN```S^STE` OTOTE'", '*X`', 'FINESTTIGHTENING`NBSC', '`TALK TO\\U', 'HOFMANN`', '@ ROTE*', 'Bauman monuluminas`', 'Labas`'],,,,,,,,,,,,,,,,,
118404002;What is the name of the town on the bus marquee?;[];['Cod```er 100', '^`r', 'GXIDKZJ'],,,,,,,,,,,,,,,,,,,,,,,,,,,,,,,,,,,,
118703025;Can you tell me what the truck sign says?;[];['Like```'],,,,,,,,,,,,,,,,,,,,,,,,,,,,,,,,,,,,,,
120385000;Where is the barn-red bench?;['s', 'hotel'];['HOTELS', 'Lead!'],,,,,,,,,,,,,,,,,,,,,,,,,,,,,,,,,,,,
121047006;Are they in a park?;[];[],,,,,,,,,,,,,,,,,,,,,,,,,,,,,,,,,,,,,,
121249002;What numbers are there?;[];[],,,,,,,,,,,,,,,,,,,,,,,,,,,,,,,,,,,,,,
12224001;Why are these boys under the umbrella because of the rain?;[];[],,,,,,,,,,,,,,,,,,,,,,,,,,,,,,,,,,,,,,
123351001;Is the plant taller than the clock?;['10'];['11 1%', '10', '` )', '8'],,,,,,,,,,,,,,,,,,,,,,,,,,,,,,,,,,,
125275013;How much are banana's a pound?;[];['25'],,,,,,,,,,,,,,,,,,,,,,,,,,,,,,,,,,,,,,
125720007;What are the people looking at?;['6183'];['\\5 1 83 X'],,,,,,,,,,,,,,,,,,,,,,,,,,,,,,,,,,,,,,
12726000;What is the name of this company?;[];['TOTAL WASTE SOLUTIONS', '-'," ""L'TREV`""", 'Recycling & Waste Management', '\\ FADZ MGX .', '@) 0 @'],,,,,,,,,,,,,,,,,,,,,,,,,,,,,,,,,
127654004;Why is the teddy bear laying on the sidewalk?;[];['\\insanely great', 'photojojo !'],,,,,,,,,,,,,,,,,,,,,,,,,,,,,,,,,,,,,
127712014;What is your favorite brand of orange juice?;[];[],,,,,,,,,,,,,,,,,,,,,,,,,,,,,,,,,,,,,,
129563010;How many burners are on?;[];[],,,,,,,,,,,,,,,,,,,,,,,,,,,,,,,,,,,,,,
130245000;What is the score?;['lympus', 'egg', 'mason', 'tennis'," ""class'‰Û¢Ì_""", 'cdesnik', ',-15'];['LEGG MASON TENNIS CLASSIC', 'ODESNIK'],,,,,,,,,,,,,,,,,,,,,,,,,,,,,,
131190023;Is the clock between two arches?;[];['\\NARI TEXT SUVS', 'THIN`', 'Qudata'],,,,,,,,,,,,,,,,,,,,,,,,,,,,,,,,,,,,
131509001;Can you see the shop's name?;[];[],,,,,,,,,,,,,,,,,,,,,,,,,,,,,,,,,,,,,,
131665075;Is the woman standing or sitting down?;[];[],,,,,,,,,,,,,,,,,,,,,,,,,,,,,,,,,,,,,,
132262001;What is the last word on the note?;[];['I Just', '7', 'Quarter', 'moreter - But', 'It would only', '~equaler', 'to minutes'],,,,,,,,,,,,,,,,,,,,,,,,,,,,,,,,
134268000;What time is it?;[];['E', 'LELLLLLLCOOL!'],,,,,,,,,,,,,,,,,,,,,,,,,,,,,,,,,,,,,
134622006;What number is the umpire wearing?;[];['\\S```EY'],,,,,,,,,,,,,,,,,,,,,,,,,,,,,,,,,,,,,,
134818000;What type of bakery is this from?;['organic'];['LAL !', 'Certified Organic Bakery'],,,,,,,,,,,,,,,,,,,,,,,,,,,,,,,,,,,,,
136346003;What is the number of the yellow bus?;['desi', 'seat-wood,', 'nerieg', 'himborne', 'buse5', 'sns5', 'ijvh', 'james', 'panaligan', 'vi‰ÛÓax'];['1', '404', '5050 #^', 'YELLOW', 'BUSES', '\\SN55 DVH', 'JELLIES PELLE\\GEIN'],,,,,,,,,,,,,,,,,,,,,,
136570020;What brand of phone is this?;[];['They', 'CE`'],,,,,,,,,,,,,,,,,,,,,,,,,,,,,,,,,,,,,
"136704004;What does the sign say?;[];[""`E'to`""]",,,,,,,,,,,,,,,,,,,,,,,,,,,,,,,,,,,,,,
138514000;What team is this for?;[];['`g', 'Happy', 'Birthday', 'Steve'],,,,,,,,,,,,,,,,,,,,,,,,,,,,,,,,,,,
138536013;What brand is the toaster?;[];['\\liffflitttrial fillzer', 'C^'],,,,,,,,,,,,,,,,,,,,,,,,,,,,,,,,,,,,,
1401002;Is this a modern appliance?;['this', 'waring', 'blender', 'used', 'to', 'belong', 'to', 'my', 'grand', 'parents.', 'grandpop', 'owned', 'a', 'restaurant/bar', 'called', 'the'," '""wonder'"," 'bar.""'", '/', 'think', 'of', 'them', 'whenever', '/', 'use', 'it.'];['`ange', 'This Waring blender used to belong to my grand parents .'," 'Grandpop owned a restaurant / bar called the ""Wonder bar . ""'", 'I think of them whenever I use it .'],,,,,,,,,,
140613000;What does the sign say?;['stop', 'r'," ""11amma'""", 'time'];['TRUST', 'FLATLI , TINTINTHI'],,,,,,,,,,,,,,,,,,,,,,,,,,,,,,,,,
140730000;What is the size of the ladder?;[];[],,,,,,,,,,,,,,,,,,,,,,,,,,,,,,,,,,,,,,
141510029;Is this a place of business?;[];[],,,,,,,,,,,,,,,,,,,,,,,,,,,,,,,,,,,,,,
141927000;Was this photo taken in the morning, at noon or at dusk?;[];['DO EA``'],,,,,,,,,,,,,,,,,,,,,,,,,,,,,,,,,,,,,
141927010;Which airline does the plane belong to?;[];['DO EA``'],,,,,,,,,,,,,,,,,,,,,,,,,,,,,,,,,,,,,,
143425011;Is a motorist supposed to stop at the red sign?;[];['A`ALIVE'],,,,,,,,,,,,,,,,,,,,,,,,,,,,,,,,,,,,,,
144814001;How old is that truck?;['15'," ""'cascade""];['\\CASCADEUPS*'", 'PA`', '``IVE', '@^ ^Uit'],,,,,,,,,,,,,,,,,,,,,,,,,,,,,,,,,,
145411008;Are bikes ok?;[];['THEVEIN TLUTE``', '8:43'],,,,,,,,,,,,,,,,,,,,,,,,,,,,,,,,,,,,,
146563002;How many stickers on the sign?;[];['ONE WAY'],,,,,,,,,,,,,,,,,,,,,,,,,,,,,,,,,,,,,,
148246002;What does the clock say?;[];[],,,,,,,,,,,,,,,,,,,,,,,,,,,,,,,,,,,,,,
"149424003;What does the red sign say?;[];[""Don't""", '`SH'],,,,,,,,,,,,,,,,,,,,,,,,,,,,,,,,,,,,,
149686004;What is the skier's number?;['-', 'oomphoto,ca'];['WORD`'],,,,,,,,,,,,,,,,,,,,,,,,,,,,,,,,,,,,
149738002;What is the address of the building?;[];['HOTEL\\', 'MOTEL'],,,,,,,,,,,,,,,,,,,,,,,,,,,,,,,,,,,,,
15073002;What time is it?;['2', 'loll', 'iri'];['10', '!1/2', 'N', '10', 'WON', '6', '00 10', '7 6 5', '8'],,,,,,,,,,,,,,,,,,,,,,,,,,,,
151307025;What time is it?;[];[],,,,,,,,,,,,,,,,,,,,,,,,,,,,,,,,,,,,,,
154382003;Is the butter out?;[];['ROLE`'],,,,,,,,,,,,,,,,,,,,,,,,,,,,,,,,,,,,,,
155461001;What are the many objects in the air?;[];['isli'],,,,,,,,,,,,,,,,,,,,,,,,,,,,,,,,,,,,,,
158614000;Is this an old street sign?;['wood'];['- 005\\', 'WOOD'],,,,,,,,,,,,,,,,,,,,,,,,,,,,,,,,,,,,,
159763002;What is the job of the man in the back?;[];['BUZZRIS'],,,,,,,,,,,,,,,,,,,,,,,,,,,,,,,,,,,,,,
"159962004;What brand is this truck?;[];[""180'""", '* 212 EC $ 7 .`'],,,,,,,,,,,,,,,,,,,,,,,,,,,,,,,,,,,,,
16038002;Can you read what the bus sign says?;['co', '#iphnn08ck_', '.'];['TRITIPIT``'],,,,,,,,,,,,,,,,,,,,,,,,,,,,,,,,,,,,
161190051;What numbers are lite up under the computer?;[];['`GET To`'],,,,,,,,,,,,,,,,,,,,,,,,,,,,,,,,,,,,,,
161277002;Has this area been illegally tagged with graffiti?;[];[],,,,,,,,,,,,,,,,,,,,,,,,,,,,,,,,,,,,,,
162032003;What number is on the bike?;['@northline', 'photography'];[],,,,,,,,,,,,,,,,,,,,,,,,,,,,,,,,,,,,,
163553007;What number is the catcher wearing?;[];[],,,,,,,,,,,,,,,,,,,,,,,,,,,,,,,,,,,,,,
164183006;Which street is this?;['do', 'not', 'enter', 'way'];['ENVIELi', '\\ONE WAY'],,,,,,,,,,,,,,,,,,,,,,,,,,,,,,,,,,
164339000;What brand of hand soap is on the sink?;[];['= .'],,,,,,,,,,,,,,,,,,,,,,,,,,,,,,,,,,,,,,
164955002;What does the board say?;['iiii'];[],,,,,,,,,,,,,,,,,,,,,,,,,,,,,,,,,,,,,,
165852002;How many red motorcycles?;[];['LL'],,,,,,,,,,,,,,,,,,,,,,,,,,,,,,,,,,,,,,
166141004;Are they sitting on the ground?;[];[],,,,,,,,,,,,,,,,,,,,,,,,,,,,,,,,,,,,,,
"167910009;What time is it in the photo?;['""eii'", '‰Û¢iiii'];['$ 1 12`', '10', 'INFORMATION'],,,,,,,,,,,,,,,,,,,,,,,,,,,,,,,,,,,
"168795006;Where are the power lines?;[""'7""", 'v', 'ij%v', '0', '2013', 'emmanuel', 'n.', 'photography'];['`WE` ``ED'," ""\\!'""]",,,,,,,,,,,,,,,,,,,,,,,,,,,,,,
169640000;What time is it?;[];['` ``` TEES !`'],,,,,,,,,,,,,,,,,,,,,,,,,,,,,,,,,,,,,,
172121046;How many people can this pizza feed?;[];[],,,,,,,,,,,,,,,,,,,,,,,,,,,,,,,,,,,,,,
"172970000;What time is it?;['tmrn'];[""EL'S"""," ""I'LLED""]",,,,,,,,,,,,,,,,,,,,,,,,,,,,,,,,,,,,,
177245003;What room is this photo taken in?;[];['SALADS'],,,,,,,,,,,,,,,,,,,,,,,,,,,,,,,,,,,,,,
178171003;What is the name of the motel that the bus is passing?;[];['MO', 'EL', '` ` po', 'OBE', 'REST', 'LAURA'],,,,,,,,,,,,,,,,,,,,,,,,,,,,,,,,,
17936000;Is that a chocolate bar?;[];['DAH'],,,,,,,,,,,,,,,,,,,,,,,,,,,,,,,,,,,,,,
18250010;What brand is the shoe?;[];['P`'],,,,,,,,,,,,,,,,,,,,,,,,,,,,,,,,,,,,,,
182607002;What number is in the middle?;[];['\\808/ 18', 'PERSON'],,,,,,,,,,,,,,,,,,,,,,,,,,,,,,,,,,,,,
183012002;What kind of sign is that?;[];[],,,,,,,,,,,,,,,,,,,,,,,,,,,,,,,,,,,,,,
184763001;What is on the bottom shelf of the cooler?;[];[],,,,,,,,,,,,,,,,,,,,,,,,,,,,,,,,,,,,,,
184905000;Does this bus have a modern design?;[];['BREWVERS', '\\EI', '\\BERIVEN*'],,,,,,,,,,,,,,,,,,,,,,,,,,,,,,,,,,,,
186480000;What is the nomenclature depicted on the wing?;[];['172967.'],,,,,,,,,,,,,,,,,,,,,,,,,,,,,,,,,,,,,,
19015001;What time does the clock read?;['=Ì_liii‰Û¢‰Û¢‰Û¢‰Û¢‰Û¢'];['MITTMITTTITE'],,,,,,,,,,,,,,,,,,,,,,,,,,,,,,,,,,,,,,
191376007;Can cars drive in the right lane?;['buses', 'only', 'third', 'street', 'promenade'];['MASS TRANSIT', 'BUSES', 'ONLY', 'A', 'BUSES', 'ONLY'],,,,,,,,,,,,,,,,,,,,,,,,,,,,,
191803001;Is this plane a DC-8?;[];[],,,,,,,,,,,,,,,,,,,,,,,,,,,,,,,,,,,,,,
194262002;What time does the clock say?;[];['JD', '16 1 1 1 1 1 1 1 1 1 1 1 1', 'XI`', '1 1 1 1/1 1! ! ! ! !'],,,,,,,,,,,,,,,,,,,,,,,,,,,,,,,,,,,
195595011;What are all the numbers in these picture starting left and going to the right?;['kÌ_strich', '36+38'];['36 + 38'],,,,,,,,,,,,,,,,,,,,,,,,,,,,,,,,,,,,,
195696000;What is the woman in the background doing?;[];[],,,,,,,,,,,,,,,,,,,,,,,,,,,,,,,,,,,,,,
195916014;What does the white and black sign on the building say?;[];['~`IT', 'UPPER FLOORS_ AVAILABLE', 'DUYN', 'ONOUNCED', 'VINE', '6. 8^', 'TEXT', 'HE'],,,,,,,,,,,,,,,,,,,,,,,,,,,,,,,
197091019;How many floor tiles are there?;[];[],,,,,,,,,,,,,,,,,,,,,,,,,,,,,,,,,,,,,,
197118001;What is the horses looking at?;[];[],,,,,,,,,,,,,,,,,,,,,,,,,,,,,,,,,,,,,,
198068001;What number is the ump?;[];['- t`'],,,,,,,,,,,,,,,,,,,,,,,,,,,,,,,,,,,,,,
199318041;Is the time correct?;[];[],,,,,,,,,,,,,,,,,,,,,,,,,,,,,,,,,,,,,,
19941001;What time does the clock show?;[];['Ists', '@|Rob EME fit ( Gigliotti`'],,,,,,,,,,,,,,,,,,,,,,,,,,,,,,,,,,,,,
199640002;How many people are wearing helmets?;[];[],,,,,,,,,,,,,,,,,,,,,,,,,,,,,,,,,,,,,,
200404004;Can you tell from the license plate if the gathering is in the US?;[];[],,,,,,,,,,,,,,,,,,,,,,,,,,,,,,,,,,,,,,
201260014;What bus number is shown?;[];[],,,,,,,,,,,,,,,,,,,,,,,,,,,,,,,,,,,,,,
201271003;What time was it 59 minutes ago?;[];[],,,,,,,,,,,,,,,,,,,,,,,,,,,,,,,,,,,,,,
203858002;What time is it on the clock shown in the picture?;[];['` .', 'r', '\\ $ 1 1 1 1 1.1^', 'LLLLLLLL', '1 1 1 1 101 1`', 'LITTTITTITITS`', 'JUILLIULLLLLLLY', '4 4 4 41414'],,,,,,,,,,,,,,,,,,,,,,,,,,,,,,,
206066002;What time does the clock say?;[];[],,,,,,,,,,,,,,,,,,,,,,,,,,,,,,,,,,,,,,
206871001;What country is this?;[];['TO`', '\\#7 & GOXA'],,,,,,,,,,,,,,,,,,,,,,,,,,,,,,,,,,,,,
207620002;What time is it?;[];['\\RAS``'],,,,,,,,,,,,,,,,,,,,,,,,,,,,,,,,,,,,,,
210071016;What time is it on the clock?;[];[],,,,,,,,,,,,,,,,,,,,,,,,,,,,,,,,,,,,,,
210580021;What are the last four numbers of the license plate number?;[];[],,,,,,,,,,,,,,,,,,,,,,,,,,,,,,,,,,,,,,
"211439007;What does the sign say?;[""'3:05..""];['I'", '20.', 'BeenErs', 'Plenty_'],,,,,,,,,,,,,,,,,,,,,,,,,,,,,,,,,,,
21183007;What are the people pulling?;['chr!st', 'return', 'please', 'read'];['he LORD', 'JESUS', 'CHRIST', 'WILL', 'RETURN', 'PLEASE READ', 'REVELATION LUKE PSALM', '1 8 7', '21-27'],,,,,,,,,,,,,,,,,,,,,,,,,,,
211909002;Does the building need painting?;['going'];['1- 14'],,,,,,,,,,,,,,,,,,,,,,,,,,,,,,,,,,,,,,
213936005;What time does the clock say?;[];[],,,,,,,,,,,,,,,,,,,,,,,,,,,,,,,,,,,,,,
214018002;Does the animal look like this is painful?;[];[],,,,,,,,,,,,,,,,,,,,,,,,,,,,,,,,,,,,,,
214450006;Is that gray truck a Chevy or a Dodge?;['awmnn_', 'danzig'];['Their', 'IT IS'],,,,,,,,,,,,,,,,,,,,,,,,,,,,,,,,,,,,
214792004;What number is this plane?;['i//i//////iii/iiiil/i\\llil', '5226f'," 'ill'];[""$11 10#'01""", 'N 5 2 2GF', 'U. S. AIR FORCE'],,,,,,,,,,,,,,,,,,,,,,,,,,,,,,,,,,
215391003;What number is on the tail?;[];['flyzhelp', 'G - HILZ'],,,,,,,,,,,,,,,,,,,,,,,,,,,,,,,,,,,,,
217224012;What brand is the laptop?;[];[],,,,,,,,,,,,,,,,,,,,,,,,,,,,,,,,,,,,,,
217531007;Are the players tired?;['america', 'bankofameric'];['\\ca. ce', 'berka', 'bankofamerica'],,,,,,,,,,,,,,,,,,,,,,,,,,,,,,,,,,,
217707004;What website is this person looking at?;[];['ECOMGAS', '4394', 'skype How` PET, AND', '`IGe', 'Hitit', 'Helmet', '- 1 _^'],,,,,,,,,,,,,,,,,,,,,,,,,,,,,,,
219274006;What does the side of the bus say?;[];[],,,,,,,,,,,,,,,,,,,,,,,,,,,,,,,,,,,,,,
22032002;What kind of car is this?;['tric', 'ally', 'evo/ve'];['carts', '-', '\\}) ONIONS', '`$ $ $3 3232\\\\', '\\spartan smog Sizing}'],,,,,,,,,,,,,,,,,,,,,,,,,,,,,,,,
220505001;According to the digital clock how many minutes and seconds to the next hour?;['-fiiÌ_i', 'iiiii', 'iii-'];[],,,,,,,,,,,,,,,,,,,,,,,,,,,,,,,,,,,,
221189006;How old is the boy?;[];[],,,,,,,,,,,,,,,,,,,,,,,,,,,,,,,,,,,,,,
221448000;What is the speed limit?;[];[],,,,,,,,,,,,,,,,,,,,,,,,,,,,,,,,,,,,,,
222097003;Is this picture taken with Instagram?;['rvpiÌüÌü', '465', 'rvptÌüÌü'];[],,,,,,,,,,,,,,,,,,,,,,,,,,,,,,,,,,,,
22230001;What time does the clock show?;['2d.le', '2d.6e'];['16^2', '10', '~', '9', 'P W'],,,,,,,,,,,,,,,,,,,,,,,,,,,,,,,,,
222629000;What is the name of the arcade?;[];['\\UAT', 'the'],,,,,,,,,,,,,,,,,,,,,,,,,,,,,,,,,,,,,
"222686001;What does the clock say?;[];['IX""']",,,,,,,,,,,,,,,,,,,,,,,,,,,,,,,,,,,,,,
2229003;How many mammals are pictured?;[];[],,,,,,,,,,,,,,,,,,,,,,,,,,,,,,,,,,,,,,
224476003;What system does this computer operate using?;[];['\\} peder', 'Love`'],,,,,,,,,,,,,,,,,,,,,,,,,,,,,,,,,,,,,
224476007;What plays music in this photo?;[];['\\} peder', 'Love`'],,,,,,,,,,,,,,,,,,,,,,,,,,,,,,,,,,,,,
226354026;How many skateboarders are there?;['why', 'e', 'phoÌ´;g'];['Whyte', 'photo'],,,,,,,,,,,,,,,,,,,,,,,,,,,,,,,,,,,
226595009;Is that a pepperoni pizza?;[];[],,,,,,,,,,,,,,,,,,,,,,,,,,,,,,,,,,,,,,
227307003;What is the name of this jet?;[];['JAIL . {`'],,,,,,,,,,,,,,,,,,,,,,,,,,,,,,,,,,,,,,
228000009;What state is on the guys shirt?;[];[],,,,,,,,,,,,,,,,,,,,,,,,,,,,,,,,,,,,,,
231966001;Is there a flag on the plane?;[];['60', 'ES^ ^`)', 'Countthe QUINTET BAZARREV 20 0 0'],,,,,,,,,,,,,,,,,,,,,,,,,,,,,,,,,,,,
232658006;How many people are in the picture?;[];['1 1'],,,,,,,,,,,,,,,,,,,,,,,,,,,,,,,,,,,,,,
233463001;What kind of remote is shown?;[];['HOME', '` : :', 'Will'],,,,,,,,,,,,,,,,,,,,,,,,,,,,,,,,,,,,
233833003;What number is on the boy's shirt?;[];[],,,,,,,,,,,,,,,,,,,,,,,,,,,,,,,,,,,,,,
233902002;Are the people in this scene the same age?;[];[],,,,,,,,,,,,,,,,,,,,,,,,,,,,,,,,,,,,,,
235038000;Does this look like a freezer?;[];[],,,,,,,,,,,,,,,,,,,,,,,,,,,,,,,,,,,,,,
235269002;How many skiers are going uphill?;[];['A A'],,,,,,,,,,,,,,,,,,,,,,,,,,,,,,,,,,,,,,
235783001;What is the name of the street?;['riverside', 'district', 'de', 'grassi', 'st'];['RIVERSIDE DRIVE``!`', 'De Grassist', '55'],,,,,,,,,,,,,,,,,,,,,,,,,,,,,,,,
235809004;What number is above the license plate?;['wwwarrioabus.co.uk', 'me-rte-des&tu', 'mercedes-benz', 'world', 'at', 'brooklands', '0870', '400', '4000', 'www.mcrcedes-henzworld.cuuk', 'vty'];['The Vice', 'Mercedes- Benz World', 'AT BROOKLANDS', '0870 400 4000', 'www . mercedes-benz world . co.uk', '\\B :X 56 VTV\\', 'F'],,,,,,,,,,,,,,,,,,,,,,
236048002;What time is on the clock?;[];['6 281'],,,,,,,,,,,,,,,,,,,,,,,,,,,,,,,,,,,,,,
237684007;What number is on the street sign?;[];['3^0'],,,,,,,,,,,,,,,,,,,,,,,,,,,,,,,,,,,,,,
240902001;Why is the sign near the dog in German?;['amjc', 'Ì¦ik'];['COMIC', '& Figuren*', '``BORGE', 'Ich chaFE', 'THIfiat', 'Minein .'],,,,,,,,,,,,,,,,,,,,,,,,,,,,,,,,
240944001;What letter is on the racket?;[];[],,,,,,,,,,,,,,,,,,,,,,,,,,,,,,,,,,,,,,
240955012;What is this?;[];['LAUNDROM', 'Credit Cards Accepted', 'Too``\\_\\ See Hate Information Below', '\\VISA\\', '`+2 : 35`', '~`3 +1 1 0)', 'ALL VEHICLES', '$3.50 PER HOUR', '30 00', 'UNAUTHORIZED REMOVAL', 'PROHIBITED', 'CALL 311', 'FOR ASSISTANCE'],,,,,,,,,,,,,,,,,,,,,,,,,,
240992004;How many people are on the boat?;[];[],,,,,,,,,,,,,,,,,,,,,,,,,,,,,,,,,,,,,,
243745002;What time does the clock show?;[];[],,,,,,,,,,,,,,,,,,,,,,,,,,,,,,,,,,,,,,
2451001;Is this an advertisement for teddy bears?;[];['290'],,,,,,,,,,,,,,,,,,,,,,,,,,,,,,,,,,,,,,
245409009;Is this man part of the St. Louis Cardinals?;[];['V', '`HOURSTOWAS', 'DE`'],,,,,,,,,,,,,,,,,,,,,,,,,,,,,,,,,,,,
246146002;Which airline is this?;['rhys'];['`:10180101 1010', 'WaitAn *AIRWAYS'],,,,,,,,,,,,,,,,,,,,,,,,,,,,,,,,,,,,,
247082002;Which brand is the snowboard?;[];[],,,,,,,,,,,,,,,,,,,,,,,,,,,,,,,,,,,,,,
248017004;What time was this photo taken?;['x', 'ille'];[],,,,,,,,,,,,,,,,,,,,,,,,,,,,,,,,,,,,,
249730003;What number is the furthest right person wearing in this photo?;[];['25 1', '`anracy', '276', '2 28'],,,,,,,,,,,,,,,,,,,,,,,,,,,,,,,,,,,
250724000;What brand of television is this?;[];[],,,,,,,,,,,,,,,,,,,,,,,,,,,,,,,,,,,,,,
253109007;What season is it?;[];['STOP'],,,,,,,,,,,,,,,,,,,,,,,,,,,,,,,,,,,,,,
256908006;What time is it?;[];['12', '4', '4'],,,,,,,,,,,,,,,,,,,,,,,,,,,,,,,,,,,,
256981001;What is the bus plate number?;[];['OHIO', 'OF 3547', 'COLAITY'],,,,,,,,,,,,,,,,,,,,,,,,,,,,,,,,,,,,
259093010;What is the name of the street?;[];['`GUARI``E`', '`Well;'],,,,,,,,,,,,,,,,,,,,,,,,,,,,,,,,,,,,,
261069001;Can you purchase only one?;[];['SAGAYA SAVINGS', 'FRESH', 'STRAWBERRIES', '$4. 99 / EA', 'SASAYA SAVINOAS`', '$2. 29 / LB)', 'sabers Strauss', '$1. 18 /2B'],,,,,,,,,,,,,,,,,,,,,,,,,,,,,,,
262221000;What is the person on the right called?;[];['|1'],,,,,,,,,,,,,,,,,,,,,,,,,,,,,,,,,,,,,,
26227002;What time is it?;[];['-', 'LILLELLLLLL'],,,,,,,,,,,,,,,,,,,,,,,,,,,,,,,,,,,,,
26274000;Do you think these people believe in gay marriage?;['freedom}/'];['That', 'Yeson 8', '` Totag', 'Prop 8 =', 'Prop 8 =', '<Religious', 'Prop 8', 'Yes on 8 .'," '""letdom. `'", 'Parental', 'Rights'],,,,,,,,,,,,,,,,,,,,,,,,,,,,
264709000;What brand of soda is served at this restaurant?;[];['WELCOME'],,,,,,,,,,,,,,,,,,,,,,,,,,,,,,,,,,,,,,
267353000;Where will a person be by going to the right?;[];[],,,,,,,,,,,,,,,,,,,,,,,,,,,,,,,,,,,,,,
267680000;Which way is one way?;[];['ONE`'],,,,,,,,,,,,,,,,,,,,,,,,,,,,,,,,,,,,,,
268102000;What sport is this cat watching on the television?;['rai', '1:25.152', 'gro', '1:25.180', 'mal', '1:25.228'," '\'8""'", 'ros', '1:25.276', '‰Û¢9-', 'web', '1:25.298', 'hul', '1:25.327', 'bot', '1:25.447', 'vt2åÈ', 'ham', 'dir', '1:25.736', 'gut', '16', 'vdg', ':26.8', 'pic', '17', ':27.o', 'bia', ':32.0', 'but', 'vet', 'j', 'button', '1:00.6'];['`^ ^tal \\\\}.``', 'EEEOCTEL CELW/ {', 'QUAFFTEL WILL {``', '17/{\\} TER`BUS', ': OU`URE`CELLS', 'NEW']
270809004;What color helmet is number 25 wearing?;[];[],,,,,,,,,,,,,,,,,,,,,,,,,,,,,,,,,,,,,,
271522002;How much does each bear cost?;[];['$25', '810'],,,,,,,,,,,,,,,,,,,,,,,,,,,,,,,,,,,,,
272405003;What time does the clock say?;[];['HE^E'],,,,,,,,,,,,,,,,,,,,,,,,,,,,,,,,,,,,,,
273358001;Are there two types of business advertised here?;[];['Grill;', '| | } } OLEG', 'SIDD', '1967', 'Since'],,,,,,,,,,,,,,,,,,,,,,,,,,,,,,,,,,
274022002;Where is the bus headed to?;['105c', '405,'];['GOFED', 'VERYTO', '1.0^', '`B- 2303\\'],,,,,,,,,,,,,,,,,,,,,,,,,,,,,,,,,
274684001;Where is the word entrance?;['entrance', 'wildinart.co.uk'];['GYGO CHH'],,,,,,,,,,,,,,,,,,,,,,,,,,,,,,,,,,,,,
275242003;What time does the clock say?;[];[],,,,,,,,,,,,,,,,,,,,,,,,,,,,,,,,,,,,,,
276527000;What time is shown on the clock?;[];[],,,,,,,,,,,,,,,,,,,,,,,,,,,,,,,,,,,,,,
276542000;What brand are their jackets?;[];[],,,,,,,,,,,,,,,,,,,,,,,,,,,,,,,,,,,,,,
276794008;Is that a fancy clock?;[];['NOSY`', 'TTTTTTT'],,,,,,,,,,,,,,,,,,,,,,,,,,,,,,,,,,,,,
276797003;How many emblems are showing?;[];[],,,,,,,,,,,,,,,,,,,,,,,,,,,,,,,,,,,,,,
276848001;Can you park?;[];[],,,,,,,,,,,,,,,,,,,,,,,,,,,,,,,,,,,,,,
277562001;What number is here?;[];['(! )', 'PRIV ILINE_`', '`tul'],,,,,,,,,,,,,,,,,,,,,,,,,,,,,,,,,,,,
278573001;What time is it?;[];['\\POM -', 'POP', 'NEW STOL SWILL SUIT', 'TING HARD WAY'],,,,,,,,,,,,,,,,,,,,,,,,,,,,,,,,,,,
280338006;How many baskets are in the photo?;[];['COOK`', 'Villa'],,,,,,,,,,,,,,,,,,,,,,,,,,,,,,,,,,,,,
281196002;What number is on the front of this bike?;['@Ì´o.rthline', 'photo', 'oraphy'];[],,,,,,,,,,,,,,,,,,,,,,,,,,,,,,,,,,,,
281210003;What time does this clock have?;[];['12/', 'Nation\\all', '9', '3'],,,,,,,,,,,,,,,,,,,,,,,,,,,,,,,,,,,
282523001;What time does the clock say?;[];['``! ! !1!`'],,,,,,,,,,,,,,,,,,,,,,,,,,,,,,,,,,,,,,
282552002;Do you own the item featured in the sign?;[];['Deapark', 'Sharesleh', 'POR- wo Hall'],,,,,,,,,,,,,,,,,,,,,,,,,,,,,,,,,,,,
28385003;What time does the clock on the right say it is?;['10'];['5', '$ 5 .', '$10', '12', '10', 'NV', '-20'],,,,,,,,,,,,,,,,,,,,,,,,,,,,,,,,
284686000;What time does the clock on the tower read?;[];['E`'],,,,,,,,,,,,,,,,,,,,,,,,,,,,,,,,,,,,,,
284814000;Are these all HEAD skis?;[];[],,,,,,,,,,,,,,,,,,,,,,,,,,,,,,,,,,,,,,
284979002;Is the time on the clock 3:46?;[];['21 12 1', '7 6 5'],,,,,,,,,,,,,,,,,,,,,,,,,,,,,,,,,,,,,
286550006;What does the cup say?;[];[],,,,,,,,,,,,,,,,,,,,,,,,,,,,,,,,,,,,,,
286700000;How many bricks are there?;[];[],,,,,,,,,,,,,,,,,,,,,,,,,,,,,,,,,,,,,,
289071001;Are these signs confusing?;[];['CAPITOL_ 2 mil', 'LAKE MONONA = 3- blocks', '. ^'," '"" Witha RIVER 21 me'", '(D )'],,,,,,,,,,,,,,,,,,,,,,,,,,,,,,,,,,
291280000;What brand is the motorcycle?;[];[],,,,,,,,,,,,,,,,,,,,,,,,,,,,,,,,,,,,,,
291980001;How many birds are on the ground?;[];[],,,,,,,,,,,,,,,,,,,,,,,,,,,,,,,,,,,,,,
292432020;What number is on the platform on the left?;[];[],,,,,,,,,,,,,,,,,,,,,,,,,,,,,,,,,,,,,,
292907000;Could the time be 3:58?;[];[],,,,,,,,,,,,,,,,,,,,,,,,,,,,,,,,,,,,,,
295480005;What are the initials on the blue and white plane?;['air', 't'];['` transat .`'],,,,,,,,,,,,,,,,,,,,,,,,,,,,,,,,,,,,,
29586001;What time is it?;[];['SHELLLLY HILLLLY SHOUTLLLLLLLLY ACELLLLLLL_ALLLILLEY`'],,,,,,,,,,,,,,,,,,,,,,,,,,,,,,,,,,,,,,
297058006;What type of signs are these?;['welcome', 'to', 'the', 'new', 'san', 'josÌ©', 'pardon', 'our', 'dust', 'while', 'we', 'finish', 'our', 'work', 'san', 'josÌ©', 'city', 'hall', '408.535.3500'];['Welcome', 'to the new San Jose City Hall', 'Pardon our dust', 'while we finish our work', 'and complete our move.', 'San Jose City Hall', 'For more Information , please call', '408.535. 3500'],,,,,,,,,,,,
297632001;What is the person holding in their hand?;[];['\\Bas ~ }} ^ ^ ^``'],,,,,,,,,,,,,,,,,,,,,,,,,,,,,,,,,,,,,,
299704001;What time does the clock say?;['u', '811lhara'];[],,,,,,,,,,,,,,,,,,,,,,,,,,,,,,,,,,,,,
300321002;What is the name of the team?;['2013'," 'majors'];[""Tiger's""]",,,,,,,,,,,,,,,,,,,,,,,,,,,,,,,,,,,,,
304134009;What does the red sign say?;[];[],,,,,,,,,,,,,,,,,,,,,,,,,,,,,,,,,,,,,,
304408001;How many giraffes are present?;[];[],,,,,,,,,,,,,,,,,,,,,,,,,,,,,,,,,,,,,,
304849006;What time does the clock show?;[];['THEN`'],,,,,,,,,,,,,,,,,,,,,,,,,,,,,,,,,,,,,,
304867002;Does this food truck sell hot dogs?;['food'];['\\BEEF', 'FEAR', 'COG`DED'],,,,,,,,,,,,,,,,,,,,,,,,,,,,,,,,,,,,
305259002;Was this photo taken in the US?;['estore', 'kings', 'sky', '*', '161', 'b', 'canal'," ""'t.""", '161.!,.-', 'lucky', '161-c', 'cai'];['BEX', 'EF\\ANGE', 'CELLE`ENGINES', 'TO`', 'TITLE_ _'],,,,,,,,,,,,,,,,,,,,,,
30791006;What are the names of the Fraggles on the front of the book?;[];['- -'],,,,,,,,,,,,,,,,,,,,,,,,,,,,,,,,,,,,,,
307954012;What is the name of the first book on the left under the TV?;[];[],,,,,,,,,,,,,,,,,,,,,,,,,,,,,,,,,,,,,,
308444002;What brand computer is this?;[];['~`', 'CAPT', '- ``', '-', 'M`'],,,,,,,,,,,,,,,,,,,,,,,,,,,,,,,,,,
308509000;What number is on the left door?;[];[],,,,,,,,,,,,,,,,,,,,,,,,,,,,,,,,,,,,,,
308590001;What is the name of the maneuver he is doing?;['oÌ_nc/ev'];['}20^$27, 20 20.0 8 3'],,,,,,,,,,,,,,,,,,,,,,,,,,,,,,,,,,,,,
309502014;What are the colors of the four rings on the toy in the bookshelf?;[];['`_^vor', '`TEE'],,,,,,,,,,,,,,,,,,,,,,,,,,,,,,,,,,,,,
309563002;What does the sticker say?;[];[],,,,,,,,,,,,,,,,,,,,,,,,,,,,,,,,,,,,,,
310463002;How many pieces of paper are on the table?;[];['ESPRESSO'],,,,,,,,,,,,,,,,,,,,,,,,,,,,,,,,,,,,,,
310783009;Why are they wearing white?;[];['Vineyard vines', 'REESESIR`'],,,,,,,,,,,,,,,,,,,,,,,,,,,,,,,,,,,,,
310926039;What is the name of the bus?;[];['HWEE', '\\} ZEEE'],,,,,,,,,,,,,,,,,,,,,,,,,,,,,,,,,,,,,
311550006;What number is on the train?;[];['^IL', 'JACK='],,,,,,,,,,,,,,,,,,,,,,,,,,,,,,,,,,,,,
312212001;What is the dog sniffing?;[];['Wil`'],,,,,,,,,,,,,,,,,,,,,,,,,,,,,,,,,,,,,,
31524000;Is there a peace sign here?;['for', '\\qispzs', 'or', 'ard', 'alls', 'al', 'ting', 'all', 'day', 'uman'," '""talk'", 'istobei'];['DESTINED', 'FOR', 'LATENESS', 'THE', 'LIGHT', 'DO OR DIE', 'JUST', 'ward'," '""ONCE'", 'CALLS', 'PULL', '{SEE', 'YOUR', 'AVM', 'OPEN', 'ALIT', 'WAITING ,', 'CALL', 'LEEN', 'FOR*', 'DAY', 'WET TALKI', 'THUMAN !', 'IS TO BE|^ ^_', '10 0 0|', '`860) .'],
315269003;Is this the entry to a ski lift?;[];[],,,,,,,,,,,,,,,,,,,,,,,,,,,,,,,,,,,,,,
315960001;How many people are washing this elephant?;[];[],,,,,,,,,,,,,,,,,,,,,,,,,,,,,,,,,,,,,,
317878018;How can we tell this is not in America?;['schoo'];['ELEC', '|C CA', 'SCHOOL', 'SPEED', 'ITRA', '20', 'THEATLTHIS``', 'HLADERLAND', 'THEN', 'BC GAMES!', 'HOW', 'CHILDREN', 'ARE RYESEAT', 'gates strokes ay'],,,,,,,,,,,,,,,,,,,,,,,,,
"320008002;What time is it on the watch?;[];['""Will*']",,,,,,,,,,,,,,,,,,,,,,,,,,,,,,,,,,,,,,
320112003;What type of car is that?;[];[],,,,,,,,,,,,,,,,,,,,,,,,,,,,,,,,,,,,,,
32060005;What year is it?;[];['\\^ 1', 'ID', 'LA', '} La Creperie`'],,,,,,,,,,,,,,,,,,,,,,,,,,,,,,,,,,,
321410006;What is the name of the building or lodge?;['(ott'];['JEANRICHARD', 'STICK`', 'WIND SURF', 'O Alexandr'],,,,,,,,,,,,,,,,,,,,,,,,,,,,,,,,,,,
3220004;Is a ball being thrown?;[];[],,,,,,,,,,,,,,,,,,,,,,,,,,,,,,,,,,,,,,
323360002;What number is this train?;['uÌ´fe'];['SantaFe*', 'callate'],,,,,,,,,,,,,,,,,,,,,,,,,,,,,,,,,,,,,
324580012;If you pay for a ticket will your car get towed?;[];['ONE WAY', 'S`OTP', 'THE``E`'],,,,,,,,,,,,,,,,,,,,,,,,,,,,,,,,,,,,
325799020;Do you think these flowers are natural?;[];[],,,,,,,,,,,,,,,,,,,,,,,,,,,,,,,,,,,,,,
32809001;Which bus it is?;[];['JERK THE`', 'TAN`]L', 'Iszan'],,,,,,,,,,,,,,,,,,,,,,,,,,,,,,,,,,,,
328179011;What number is on the shirt?;[];[],,,,,,,,,,,,,,,,,,,,,,,,,,,,,,,,,,,,,,
3293008;What time does the clock show according to standard American time?;[];['a'],,,,,,,,,,,,,,,,,,,,,,,,,,,,,,,,,,,,,,
330498000;How many pillows are on the couches?;[];[],,,,,,,,,,,,,,,,,,,,,,,,,,,,,,,,,,,,,,
331353005;What time does the clock say?;[];['D', 'LI^'],,,,,,,,,,,,,,,,,,,,,,,,,,,,,,,,,,,,,
333643003;What brand is the computer the woman is holding?;[];['\\trema{'],,,,,,,,,,,,,,,,,,,,,,,,,,,,,,,,,,,,,,
333643005;What brand of computer is the boy using?;[];['\\trema{'],,,,,,,,,,,,,,,,,,,,,,,,,,,,,,,,,,,,,,
333978006;What brand is the orange juice?;[];['SCITHEFT', 'tropicana'," ""\\Welch's""]",,,,,,,,,,,,,,,,,,,,,,,,,,,,,,,,,,,,
334484000;What color are the letters on the bus?;[];['UD'],,,,,,,,,,,,,,,,,,,,,,,,,,,,,,,,,,,,,,
334699000;What's the motorcycle's number?;[];['DUCATI', '{\\ 20.73. VICTOR VARELA'],,,,,,,,,,,,,,,,,,,,,,,,,,,,,,,,,,,,,
335840000;What gender are the people in the picture?;[];[],,,,,,,,,,,,,,,,,,,,,,,,,,,,,,,,,,,,,,
336966005;What is the name of the Airways?;[];['Q USAIRWAYS EXPRESS'," ""HA3 6At'``""]",,,,,,,,,,,,,,,,,,,,,,,,,,,,,,,,,,,,,
340454001;What is the sign there to prevent?;['turning', 'vehicles', 'i', 'yield', 'pedeÌ´rlans'];['TURNING', 'VEHICLES', 'YIELD', 'TO', 'PEDESTRIANS', 'i` in`'],,,,,,,,,,,,,,,,,,,,,,,,,,,,,
340528016;What time does the clock have?;[];['TAY`', '} Opn^', '` MCI^XIV'],,,,,,,,,,,,,,,,,,,,,,,,,,,,,,,,,,,,
342532006;Does this appear to be in the USA?;[];['NY1)', '}'],,,,,,,,,,,,,,,,,,,,,,,,,,,,,,,,,,,,,
344544001;What brand of umbrella does she have?;[];[],,,,,,,,,,,,,,,,,,,,,,,,,,,,,,,,,,,,,,
344578003;How can you tell these are not American busses?;[];['YOBEKE'],,,,,,,,,,,,,,,,,,,,,,,,,,,,,,,,,,,,,,
345531001;What does the boy's shirt tell you to do?;[];[],,,,,,,,,,,,,,,,,,,,,,,,,,,,,,,,,,,,,,
346785001;What is the name of the street at the intersection?;[];['THRU', 'TRUCKS', '* Catch $1'],,,,,,,,,,,,,,,,,,,,,,,,,,,,,,,,,,,,
347671000;Is the plane in the air?;['navy'];['NAVY', 'MILWAUKEE', 'N 31950'],,,,,,,,,,,,,,,,,,,,,,,,,,,,,,,,,,,,
347671004;What kind of plane is flying above the runway?;['navy'];['NAVY', 'MILWAUKEE', 'N 31950'],,,,,,,,,,,,,,,,,,,,,,,,,,,,,,,,,,,,
348562000;How many sinks are in the bathroom?;[];['HEE`'],,,,,,,,,,,,,,,,,,,,,,,,,,,,,,,,,,,,,,
349974002;Does the batter have a special number on his back?;[];['INGEL', '5'],,,,,,,,,,,,,,,,,,,,,,,,,,,,,,,,,,,,,
351288006;What number is on the sign?;[];['` Sterhang', '$ Harvell', '~} Speed .', 'Messstrecke', 'Families Obtain @', '\\Rodelbahn'],,,,,,,,,,,,,,,,,,,,,,,,,,,,,,,,,
351989006;What number of veggies are on this platter?;[];[],,,,,,,,,,,,,,,,,,,,,,,,,,,,,,,,,,,,,,
352019001;Does this bus have a known destination?;[];[],,,,,,,,,,,,,,,,,,,,,,,,,,,,,,,,,,,,,,
353754009;What is the address show on the banner?;['3071', 'ajheimkirchen', 'hainfe/derstrasse', '3', 'tel.', '02743/222'];['3071 Boheimkirchen', 'Hainfelderstrasse 3', 'tel . 02743 / 2252', 'mind . kliment_so.at'],,,,,,,,,,,,,,,,,,,,,,,,,,,,,,
354569003;What time does the clock say?;[];['LU`', 'F 71 72 7\\', 'MG``', 'A', '7 - 6 .5'],,,,,,,,,,,,,,,,,,,,,,,,,,,,,,,,,,
35459003;Would you want to ride this horse?;[];[],,,,,,,,,,,,,,,,,,,,,,,,,,,,,,,,,,,,,,
355398005;Is this at Wimbledon?;[];['Well games`', 'wellVines', 'JOIN OLY'],,,,,,,,,,,,,,,,,,,,,,,,,,,,,,,,,,,,
355968000;Does this plane have flights to Los Angeles?;[];['AEROMEXICO', '$4160 +$ 101010 0 0 0 10RODELLA^'],,,,,,,,,,,,,,,,,,,,,,,,,,,,,,,,,,,,,
356213002;Do these look like antiques?;[];[],,,,,,,,,,,,,,,,,,,,,,,,,,,,,,,,,,,,,,
356641000;Was the lawn grazed upon?;[];[],,,,,,,,,,,,,,,,,,,,,,,,,,,,,,,,,,,,,,
356962000;What does the white sign say?;[];[],,,,,,,,,,,,,,,,,,,,,,,,,,,,,,,,,,,,,,
357290016;Could this be Great Britain?;[];['AV`'],,,,,,,,,,,,,,,,,,,,,,,,,,,,,,,,,,,,,,
358788003;What type of desert is this?;['bu', 'so', '_'];['PetitPlat by SR_'," "". of'""", '$ - 10'],,,,,,,,,,,,,,,,,,,,,,,,,,,,,,,,,,
3602003;How long can you park here?;['policÌ_', 'division', '29', 's.', 'sewe', 'sr.', '71'];['WESTERVILLE*', 'POLICE', 'DIVISION', '29 S. STATE ST .', '*$ lariat', '`HILARIRAL', 'BUILDING', '` ` SLUTIEST`'],,,,,,,,,,,,,,,,,,,,,,,,,
"361942003;Can this motorcycle be easily stolen?;[""yamaha'""];['ALLSHOTS']",,,,,,,,,,,,,,,,,,,,,,,,,,,,,,,,,,,,,,
362608000;Using a 24 hour time format," what time is it?;['oleg'];['""TON OF'", 'SO^', '7 6 5'],,,,,,,,,,,,,,,,,,,,,,,,,,,,,,,,,,,
362973000;Is it a sunny day?;['the', 'trux', 'factor'];['THRUXTON*', 'GOOGLE Y QUEMEAN', 'CHERWELL TRUCKS LTD', 'MILLION', '\\Y J 55 JIXX*', '25)'],,,,,,,,,,,,,,,,,,,,,,,,,,,,,,,
364312004;How many signs are on this post?;['city', 'center', '191'," 'jaffa'];['10 \' 2:2 1 - 7n n"" 7\'N'", '20 9 2', 'N'],,,,,,,,,,,,,,,,,,,,,,,,,,,,,,,,,
364369002;What language is the bottom sign?;['easÌ©33%d', 'park', 'ave', 'hoi!', 'aaleichem'];['ONE WAY', 'PELAS AVE'],,,,,,,,,,,,,,,,,,,,,,,,,,,,,,,,,
364476006;What time is it?;['31'];['\\```OraRES`', '\\DIVE SITE'],,,,,,,,,,,,,,,,,,,,,,,,,,,,,,,,,,,,,
366724007;What brand is the mouse pad?;[];['1000'],,,,,,,,,,,,,,,,,,,,,,,,,,,,,,,,,,,,,,
367222000;What is said on the side of the train?;[];['TTTTTTTTT`', 'SPURT'],,,,,,,,,,,,,,,,,,,,,,,,,,,,,,,,,,,,,
36776002;In what direction is the train traveling?;[];[],,,,,,,,,,,,,,,,,,,,,,,,,,,,,,,,,,,,,,
368736002;What time is it according to clock?;[];[],,,,,,,,,,,,,,,,,,,,,,,,,,,,,,,,,,,,,,
368879001;What kind of sauce is in the bottle?;[];[],,,,,,,,,,,,,,,,,,,,,,,,,,,,,,,,,,,,,,
370151001;What are the legal parking times?;['mardi', 'i', 'mars', '8h-18h', 'un.even.'];['J', '95 - 16 h', 'UN . AN SAM .', '13/30 : 14/130', 'MARDI', '1 MARS ~ ` DEC.', '2 %', '$86 - 18 %', '\\UN . ` VEN .'],,,,,,,,,,,,,,,,,,,,,,,,,,
371254008;What number is on the train?;['corail', 'intercit2s', '081'];['COrail', 'INTERCITES', 'SNES'],,,,,,,,,,,,,,,,,,,,,,,,,,,,,,,,,,
371254009;What is the name on the train?;['corail', 'intercit2s', '081'];['COrail', 'INTERCITES', 'SNES'],,,,,,,,,,,,,,,,,,,,,,,,,,,,,,,,,,
372374002;Is there a tree in the photo?;[];['| | |', 'FELE`', 'ILLALAH', '70 7 12'],,,,,,,,,,,,,,,,,,,,,,,,,,,,,,,,,,,
372603003;How many people are walking on the sidewalk?;[];['LATRINE !`', 'ADAZOO'],,,,,,,,,,,,,,,,,,,,,,,,,,,,,,,,,,,,,
374796001;What time is displayed?;[];['BOODLE & DUNTHORNE'],,,,,,,,,,,,,,,,,,,,,,,,,,,,,,,,,,,,,,
376623000;Can you see what does the street sign say?;['subway', '-'];['GE', '\\LIFT'],,,,,,,,,,,,,,,,,,,,,,,,,,,,,,,,,,,,
378632012;How many ways can you go here?;['bridge', 'st', 'o'];['BRIDGE ST', 'las'],,,,,,,,,,,,,,,,,,,,,,,,,,,,,,,,,,,
379138001;What is the number under the button?;['exit', 'exit'];['17:', '\\It home', 'EXIT', 'EXIT'],,,,,,,,,,,,,,,,,,,,,,,,,,,,,,,,,,
381154001;Where are the people at?;['09'];['YOU`HIV / EXFRIES```', 'ROU Nation', 'BUS`', 'JON`'],,,,,,,,,,,,,,,,,,,,,,,,,,,,,,,,,,,
38123004;What brand logos are visible in this image?;['westin.'];['Si^` ` STENO`'],,,,,,,,,,,,,,,,,,,,,,,,,,,,,,,,,,,,,,
382695001;Which team is at bat?;[];['Orlog'],,,,,,,,,,,,,,,,,,,,,,,,,,,,,,,,,,,,,,
383213004;What is painted on the sign?;['jiÌ_il', '0001', '8110'];['SAIDD OVIDAY', '`all fil`'],,,,,,,,,,,,,,,,,,,,,,,,,,,,,,,,,,,
384924009;What brand of tennis shoes is he wearing?;['j@'];[],,,,,,,,,,,,,,,,,,,,,,,,,,,,,,,,,,,,,,
"385172002;How much does this meter cost per hour?;['""*king'", 'card'];['QUARTERS', '& DOLLAR', 'COINS', 'ONLY', 'METERS ENFORCED', '8: 00 A. M. - 4: 30 P.M.', 'SUNDAYS & HOLIDAYS EXEMPT', 'SIGNS ON BLOCK MAY INDICATE', 'ADDITIONAL RESTRICTIONS .', 'IF METER MALFUNCTIONS CALL', '951- 487 - 7208 WITH METER NUMBER', 'AND DO NOT PARK HERE', 'WS 356', 'ONE HOUR', 'MAXIMUM TIME GIVEN'],,,,,,,,,,,,,,,,,,,,,,,
388412026;What does the book say?;[];[],,,,,,,,,,,,,,,,,,,,,,,,,,,,,,,,,,,,,,
389815004;What does the logo suggest this man is?;[];['DRUPAL'],,,,,,,,,,,,,,,,,,,,,,,,,,,,,,,,,,,,,,
391410002;Was this bench donated to a town park?;[];['``drama^ ^ ^`'],,,,,,,,,,,,,,,,,,,,,,,,,,,,,,,,,,,,,,
391896004;Is it am or pm?;[];[],,,,,,,,,,,,,,,,,,,,,,,,,,,,,,,,,,,,,,
393680002;What number do you see on the boat?;[];[],,,,,,,,,,,,,,,,,,,,,,,,,,,,,,,,,,,,,,
394481000;Does this keyboard have a ten key?;[];['LOL`'],,,,,,,,,,,,,,,,,,,,,,,,,,,,,,,,,,,,,,
39598002;How does one pay at this machine?;[];['` 6:4:4 6^', 'O'],,,,,,,,,,,,,,,,,,,,,,,,,,,,,,,,,,,,,
396116002;What time is it?;[];[],,,,,,,,,,,,,,,,,,,,,,,,,,,,,,,,,,,,,,
397908000;What operating system is shown on the computer screen?;[];['Installing'],,,,,,,,,,,,,,,,,,,,,,,,,,,,,,,,,,,,,,
39847005;Can you tell which country this is?;[];['MaliTi', 'FONIA', 'IZ HIK 2748 9826', 'Shape', 'Repair', 'Station', '-', 'FA Z SK BE', 'He', '1 . .', 'CLEMENT', 'VERAEASE #`^ ^`THE $ 7`- 2. #`', 'FIZZLE BREAK THI``` LIODEE FI', 'V - 2.#^'],,,,,,,,,,,,,,,,,,,,,,,,,
399325002;What is the name of the business?;['ead', 'mutton', 'griggs', 'konectÌ_js'];['IStead Mutton Griggs', 'Chartered Architects', '\\Y JOS MHZ*'],,,,,,,,,,,,,,,,,,,,,,,,,,,,,,,,,
399488001;Is there liquid in the bottle?;[];[],,,,,,,,,,,,,,,,,,,,,,,,,,,,,,,,,,,,,,
400940012;Must the people go the direction of the one way sign?;[];['GEE', 'EAT` GREAT'],,,,,,,,,,,,,,,,,,,,,,,,,,,,,,,,,,,,,
402897002;How many letters are there in the sign?;['save', 'texas', 'cemeteries', 'stop', 'cemetery', 'destruction', '(512)257-save'];['LEAVE', '`EMELIEH'],,,,,,,,,,,,,,,,,,,,,,,,,,,,,,,
403329007;What brand is the computer?;[];['\\BEEBABIES', 'CH`'],,,,,,,,,,,,,,,,,,,,,,,,,,,,,,,,,,,,,
404596002;Is the person who modified this sign liberal or conservative?;['one', 'way', 'stop', 'all', 'way'];['ONE WAY', 'STOP'],,,,,,,,,,,,,,,,,,,,,,,,,,,,,,,,,
406771000;What is this person texting?;[];[],,,,,,,,,,,,,,,,,,,,,,,,,,,,,,,,,,,,,,
407667005;What number is on the bus?;['jjjjjjj'];['EEEEEEEEEE', 'FEEEASIER', 'FEELLEFFBEER`', '\\n n V/', '` metrotransit. org', '\\-1\\DAVE_IF'],,,,,,,,,,,,,,,,,,,,,,,,,,,,,,,,,
407770024;What team is on the man's shirt?;[];[],,,,,,,,,,,,,,,,,,,,,,,,,,,,,,,,,,,,,,
408755003;What is the brand of the contraption on the left?;[];[],,,,,,,,,,,,,,,,,,,,,,,,,,,,,,,,,,,,,,
408802001;What time is it in the photo?;[];[],,,,,,,,,,,,,,,,,,,,,,,,,,,,,,,,,,,,,,
409374002;How many windows from the right is the flag flying on the yellow building?;[];[],,,,,,,,,,,,,,,,,,,,,,,,,,,,,,,,,,,,,,
410091006;What type of symbols are those on the gold dial?;[];['LULLLLLLLLLL`'],,,,,,,,,,,,,,,,,,,,,,,,,,,,,,,,,,,,,,
410143006;Is he a famous player?;[];[],,,,,,,,,,,,,,,,,,,,,,,,,,,,,,,,,,,,,,
413115033;How many seconds until the light changes?;[];['TRUCK', 'ROUTE', '29'],,,,,,,,,,,,,,,,,,,,,,,,,,,,,,,,,,,,
413539002;Is this an alcoholic beverage?;['black', 'kee', 'ale', 'vol.'];['BLACK', 'CALL`', 'SHEEP', 'ALE', 'CRISP , DRY &', 'BITTERSWEET', 'ALE . 1. 4% Vol .'],,,,,,,,,,,,,,,,,,,,,,,,,,,,
414082003;What does the sign on the side of this building read?;[];['| 12 1', '- ININ'],,,,,,,,,,,,,,,,,,,,,,,,,,,,,,,,,,,,,
414961044;What country did this parasol likely originate from?;['pectopah'];['$6:06 6000'],,,,,,,,,,,,,,,,,,,,,,,,,,,,,,,,,,,,,,
416119001;What number is on this airplane?;[];['In - 1 1', '`stars thozo'],,,,,,,,,,,,,,,,,,,,,,,,,,,,,,,,,,,,,
416303010;Is this an expensive motorcycle?;['dohs', 'es31nno\\'];['RONNIES SEX', 'SHOP'],,,,,,,,,,,,,,,,,,,,,,,,,,,,,,,,,,,,
416815006;Which company made the computer?;[];['any)'," ""LAVAZI'M""", '10 0 0', '100 0', '`@ )'],,,,,,,,,,,,,,,,,,,,,,,,,,,,,,,,,,
419391002;What does the text read?;['left', 'waiting', 'again,', 'zeros', '-', 'europe', 'because'];['CRATES^'],,,,,,,,,,,,,,,,,,,,,,,,,,,,,,,
424108010;What time was this photo taken?;[];['#'],,,,,,,,,,,,,,,,,,,,,,,,,,,,,,,,,,,,,,
42529001;What time does the clock have?;['landahlauts.', '2013'];['THATAAR', 'LLLLLLLL DV', '\\NHRoss', 'BLOB ELUVEITIE`VED'],,,,,,,,,,,,,,,,,,,,,,,,,,,,,,,,,,
42529006;What time does it show?;['landahlauts.', '2013'];['THATAAR', 'LLLLLLLL DV', '\\NHRoss', 'BLOB ELUVEITIE`VED'],,,,,,,,,,,,,,,,,,,,,,,,,,,,,,,,,,
426556004;Is this train station crowded?;['ilill'];['City Rail', 'TED`'],,,,,,,,,,,,,,,,,,,,,,,,,,,,,,,,,,,,,
427069005;Where is the nearest bathroom?;['101!01'];['`IllLet` me^ung'],,,,,,,,,,,,,,,,,,,,,,,,,,,,,,,,,,,,,,
42751000;What time is it?;['three', 'nine'];['CL', 'NINE', '9'],,,,,,,,,,,,,,,,,,,,,,,,,,,,,,,,,,,
42751003;What numbers can be seen on this clock?;['three', 'nine'];['CL', 'NINE', '9'],,,,,,,,,,,,,,,,,,,,,,,,,,,,,,,,,,,
428761005;What is the name of the Avenue?;[];['and A^E ``)'],,,,,,,,,,,,,,,,,,,,,,,,,,,,,,,,,,,,,,
"429514008;What brand of phone is pictured?;[];[""O'""]",,,,,,,,,,,,,,,,,,,,,,,,,,,,,,,,,,,,,,
429809000;What brand is his racket?;[];[],,,,,,,,,,,,,,,,,,,,,,,,,,,,,,,,,,,,,,
4308001;What is the name of the street?;[];[],,,,,,,,,,,,,,,,,,,,,,,,,,,,,,,,,,,,,,
430932001;What color is the display on the clock?;[];['Sprint', 'Mela'],,,,,,,,,,,,,,,,,,,,,,,,,,,,,,,,,,,,,
432064000;What time is it in the picture?;[];['\\LLLLLL !', 'TOO`'],,,,,,,,,,,,,,,,,,,,,,,,,,,,,,,,,,,,,
432349001;How much are the bananas?;['banana', '79.'];['HAPTIC', '`` a', 'BANANA', 'TY`FIB', '1 A'],,,,,,,,,,,,,,,,,,,,,,,,,,,,,,,,,
432727000;What state is on the mans sweater?;[];['THAT'],,,,,,,,,,,,,,,,,,,,,,,,,,,,,,,,,,,,,,
433413001;What is the phone# on the bus?;['z'];['1378.93', '\\YIELD', '- - [C 4 - 2 - 21', 'I - O - I I <', '51285'],,,,,,,,,,,,,,,,,,,,,,,,,,,,,,,,,,